Topic Name (Required),Topic Description (Optional),Topic Type (Optional),Native Text (Required),Native Context Line (Optional),Translation Text (Required),Translation Context Line (Optional),Translation Hint (Optional),Pronunciation Override (Optional)
Greetings & Social Phrases,Common phrases for daily social interaction. Essential for politeness and basic communication.,2 - Phrases,Good morning,,おはようございます,Formal,,
Greetings & Social Phrases,,,Hello / Good afternoon,,こんにちは,,,
Greetings & Social Phrases,,,Good evening,,こんばんは,,,
Greetings & Social Phrases,,,Goodbye,,さようなら,,,
Greetings & Social Phrases,,,See you later,,またね,Casual/friendly,,
Greetings & Social Phrases,,,Good night,,おやすみなさい,Polite; said before going to sleep or parting at night,,
Greetings & Social Phrases,,,Thank you,,ありがとうございます,Formal,,
Greetings & Social Phrases,,,You're welcome,,どういたしまして,,,
Greetings & Social Phrases,,,Nice to meet you,,はじめまして,Literally '(it is) for the first time (meeting you)',,
Greetings & Social Phrases,,,Pleased to make your acquaintance,,どうぞよろしくお願いします,Set phrase; often follows self-introduction,どうぞよろしくおねがいします,どうぞよろしくおねがいします
Greetings & Social Phrases,,,I'm leaving / I'll be back,,いってきます,Said when leaving home/work; expected reply is いってらっしゃい,,
Greetings & Social Phrases,,,Have a good day / See you later,,いってらっしゃい,Said to someone leaving; reply to いってきます,,
Greetings & Social Phrases,,,I'm home,,ただいま,Said upon returning home,,
Greetings & Social Phrases,,,Welcome home,,おかえりなさい,Said to someone returning; casual variant: おかえり,,
Greetings & Social Phrases,,,Let's eat / I humbly receive,,いただきます,Said before eating,,
Greetings & Social Phrases,,,Thank you for the meal,,ごちそうさまでした,Said after eating; thanks to the cook/host,,
Greetings & Social Phrases,,,Excuse me / I'm sorry,,すみません,Polite; to get attention or apologize; can imply 'thank you',,
Greetings & Social Phrases,,,I'm sorry,,ごめんなさい,Casual apology,,
Greetings & Social Phrases,,,Please; Here you go,,どうぞ,When offering or handing something,,
Greetings & Social Phrases,,,Congratulations,,おめでとう,Casual; politer form: おめでとうございます,,
Common Questions & Requests,"Essential everyday questions, requests, and useful phrases.",2 - Phrases,What is your name?,,お名前は何ですか,,おなまえはなんですか,おなまえはなんですか
Common Questions & Requests,,,My name is ~.,,〜です,,,
Common Questions & Requests,,,I came from ~.,,〜から来ました,Often used in self-introductions,からきました,からきました
Common Questions & Requests,,,What is this?,,これは何ですか,,これはなんですか,これはなんですか
Common Questions & Requests,,,Where is the restroom?,,トイレはどこですか,,,
Common Questions & Requests,,,How much is it?,,いくらですか,,,
Common Questions & Requests,,,"This one, please.",Requesting an item,これおください,,,
Common Questions & Requests,,,Please (do this).,,お願いします,Polite request,おねがいします,おねがいします
Common Questions & Requests,,,I don't understand.,,分かりません,,わかりません,わかりません
Common Questions & Requests,,,One more time,Asking to repeat,もう一度お願いします,,もういちどおねがいします,もういちどおねがいします
Common Questions & Requests,,,Please speak slowly.,,ゆっくり話してください,,ゆっくりはなしてください,ゆっくりはなしてください
Common Questions & Requests,,,Do you speak English?,,英語が話せますか,,えいごがはなせますか,えいごがはなせますか
Common Questions & Requests,,,It's okay; I'm fine.,,大丈夫です,,だいじょうぶです,だいじょうぶです
Common Questions & Requests,,,Cheers!,,乾杯！,Said when toasting,かんぱい,かんぱい！
Common Questions & Requests,,,When is it?,,いつですか,,,
Common Questions & Requests,,,Where are you from?,,どこから来ましたか,,どこからきましたか,どこからきましたか
Demonstratives (Ko-so-a-do),"Words for pointing things out (this, that, here, there, etc.).",0 - Vocab,this (thing),,これ,,,
Demonstratives (Ko-so-a-do),,,that (thing near you),,それ,,,
Demonstratives (Ko-so-a-do),,,that (thing over there),,あれ,,,
Demonstratives (Ko-so-a-do),,,which (thing)?,,どれ,,,
Demonstratives (Ko-so-a-do),,,this ~ (noun),,この,,,
Demonstratives (Ko-so-a-do),,,that ~ (noun),,その,,,
Demonstratives (Ko-so-a-do),,,"that ~ (over there, noun)",,あの,,,
Demonstratives (Ko-so-a-do),,,which ~ (noun)?,,どの,,,
Demonstratives (Ko-so-a-do),,,here (location),,ここ,,,
Demonstratives (Ko-so-a-do),,,there (location near you),,そこ,,,
Demonstratives (Ko-so-a-do),,,over there (location),,あそこ,,,
Demonstratives (Ko-so-a-do),,,where?,,どこ,,,
Demonstratives (Ko-so-a-do),,,here; this way (polite),,こちら,,,
Demonstratives (Ko-so-a-do),,,there; that way (polite),,そちら,,,
Demonstratives (Ko-so-a-do),,,over there; that way (polite),,あちら,,,
Demonstratives (Ko-so-a-do),,,where; which (polite)?,,どちら,,,
Demonstratives (Ko-so-a-do),,,like this; this way,,こう,,,
Demonstratives (Ko-so-a-do),,,like that; that way,,そう,,,
Demonstratives (Ko-so-a-do),,,like that (far); that way (far),,ああ,,,
Demonstratives (Ko-so-a-do),,,how; in what way,,どう,,,
People & Family,"Vocabulary for referring to people, family members, and professions.",0 - Vocab,I; me,,私,,わたし,わたし
People & Family,,,you,,あなた,,,
People & Family,,,person,,人,,ひと,ひと
People & Family,,,man,,男の人,,おとこのひと,おとこのひと
People & Family,,,woman,,女の人,,おんなのひと,おんなのひと
People & Family,,,student,,学生,,がくせい,がくせい
People & Family,,,teacher,,先生,,せんせい,せんせい
People & Family,,,friend,,友達,,ともだち,ともだち
People & Family,,,family,,家族,,かぞく,かぞく
People & Family,,,father,,お父さん,Respectful/polite form for others' fathers,おとうさん,おとうさん
People & Family,,,(my) father,,父,Humble form for one's own father,ちち,ちち
People & Family,,,mother,,お母さん,Respectful/polite form for others' mothers,おかあさん,おかあさん
People & Family,,,(my) mother,,母,Humble form for one's own mother,はは,はは
People & Family,,,older brother,,お兄さん,Respectful/polite form for others' older brothers,おにいさん,おにいさん
People & Family,,,(my) older brother,,兄,Humble form for one's own older brother,あに,あに
People & Family,,,older sister,,お姉さん,Respectful/polite form for others' older sisters,おねえさん,おねえさん
People & Family,,,(my) older sister,,姉,Humble form for one's own older sister,あね,あね
People & Family,,,child; children,,子供,,こども,こども
People & Family,,,parents,,両親,,りょうしん,りょうしん
People & Family,,,grandfather,,祖父,Humble form for one's own grandfather,そふ,そふ
People & Family,,,grandmother,,祖母,Humble form for one's own grandmother,そぼ,そぼ
People & Family,,,siblings,,兄弟,Brothers; can refer to brothers and sisters together,きょうだい,きょうだい
People & Family,,,sisters,,姉妹,,しまい,しまい
Numbers & Counters,"Basic numbers and counting words (age, people, etc.).",0 - Vocab,zero,,零,,れい,れい
Numbers & Counters,,,one,,一,,いち,いち
Numbers & Counters,,,two,,二,,に,に
Numbers & Counters,,,three,,三,,さん,さん
Numbers & Counters,,,four,,四,,よん,よん
Numbers & Counters,,,five,,五,,ご,ご
Numbers & Counters,,,six,,六,,ろく,ろく
Numbers & Counters,,,seven,,七,,なな,なな
Numbers & Counters,,,eight,,八,,はち,はち
Numbers & Counters,,,nine,,九,,きゅう,きゅう
Numbers & Counters,,,ten,,十,,じゅう,じゅう
Numbers & Counters,,,hundred,,百,,ひゃく,ひゃく
Numbers & Counters,,,thousand,,千,,せん,せん
Numbers & Counters,,,ten thousand,,万,,まん,まん
Numbers & Counters,,,yen (currency),,円,,えん,えん
Numbers & Counters,,,one person,,一人,Special reading; not いちにん,ひとり,ひとり
Numbers & Counters,,,two people,,二人,Special reading; not ににん,ふたり,ふたり
Numbers & Counters,,,~ people (counter),,〜人,Used for 3+ people,〜にん,〜にん
Numbers & Counters,,,how old; what age,,何歳,,なんさい,なんさい
Time & Date,"Days of the week, months of the year, and other time-related words.",0 - Vocab,Monday,,月曜日,,げつようび,げつようび
Time & Date,,,Tuesday,,火曜日,,かようび,かようび
Time & Date,,,Wednesday,,水曜日,,すいようび,すいようび
Time & Date,,,Thursday,,木曜日,,もくようび,もくようび
Time & Date,,,Friday,,金曜日,,きんようび,きんようび
Time & Date,,,Saturday,,土曜日,,どようび,どようび
Time & Date,,,Sunday,,日曜日,,にちようび,にちようび
Time & Date,,,1st (day of month),,一日,Special reading; not いちにち,ついたち,ついたち
Time & Date,,,2nd (day of month),,二日,Special reading; not ににち,ふつか,ふつか
Time & Date,,,4th (day of month),,四日,Special reading; not よんにち,よっか,よっか
Time & Date,,,5th (day of month),,五日,Special reading; not ごにち,いつか,いつか
Time & Date,,,6th (day of month),,六日,Special reading; not ろくにち,むいか,むいか
Time & Date,,,7th (day of month),,七日,Special reading; not ななにち,なのか,なのか
Time & Date,,,8th (day of month),,八日,Special reading; not はちにち,ようか,ようか
Time & Date,,,10th (day of month),,十日,Special reading; not じゅうにち,とおか,とおか
Time & Date,,,14th (day of month),,十四日,Special reading; not じゅうよんにち,じゅうよっか,じゅうよっか
Time & Date,,,20th (day of month),,二十日,Special reading; not にじゅうにち,はつか,はつか
Time & Date,,,January,,一月,,いちがつ,いちがつ
Time & Date,,,February,,二月,,にがつ,にがつ
Time & Date,,,March,,三月,,さんがつ,さんがつ
Time & Date,,,April,,四月,,しがつ,しがつ
Time & Date,,,May,,五月,,ごがつ,ごがつ
Time & Date,,,June,,六月,,ろくがつ,ろくがつ
Time & Date,,,July,,七月,,しちがつ,しちがつ
Time & Date,,,August,,八月,,はちがつ,はちがつ
Time & Date,,,September,,九月,,くがつ,くがつ
Time & Date,,,October,,十月,,じゅうがつ,じゅうがつ
Time & Date,,,November,,十一月,,じゅういちがつ,じゅういちがつ
Time & Date,,,December,,十二月,,じゅうにがつ,じゅうにがつ
Time & Date,,,now,,今,,いま,いま
Time & Date,,,today,,今日,Special reading; not いまひ,きょう,きょう
Time & Date,,,tomorrow,,明日,Special reading; not あきひ,あした,あした
Time & Date,,,yesterday,,昨日,Special reading; not さくひ,きのう,きのう
Time & Date,,,every day,,毎日,,まいにち,まいにち
Time & Date,,,this week,,今週,,こんしゅう,こんしゅう
Time & Date,,,last week,,先週,,せんしゅう,せんしゅう
Time & Date,,,next week,,来週,,らいしゅう,らいしゅう
Time & Date,,,this year,,今年,,ことし,ことし
Time & Date,,,last year,,去年,,きょねん,きょねん
Time & Date,,,next year,,来年,,らいねん,らいねん
Time & Date,,,o'clock / hour,,時,,じ,じ
Time & Date,,,minute,,分,Special reading; not ぶん,ふん,ふん
Time & Date,,,half (past),,半,Used in time expressions like 三時半 (3:30),はん,はん
Time & Date,,,AM (morning),,午前,,ごぜん,ごぜん
Time & Date,,,PM (afternoon),,午後,,ごご,ごご
Directions & Positions,Words for directions and relative positions.,0 - Vocab,up; above; on,,上,,うえ,うえ
Directions & Positions,,,down; under; below,,下,,した,した
Directions & Positions,,,left,,左,,ひだり,ひだり
Directions & Positions,,,right,,右,,みぎ,みぎ
Directions & Positions,,,front; before,,前,,まえ,まえ
Directions & Positions,,,back; behind,,後ろ,,うしろ,うしろ
Directions & Positions,,,inside; middle,,中,,なか,なか
Directions & Positions,,,outside,,外,,そと,そと
Directions & Positions,,,next to; neighboring,,隣,,となり,となり
Directions & Positions,,,near; nearby,,近く,,ちかく,ちかく
Directions & Positions,,,far away,,遠く,,とおく,とおく
Directions & Positions,,,east,,東,,ひがし,ひがし
Directions & Positions,,,west,,西,,にし,にし
Directions & Positions,,,south,,南,,みなみ,みなみ
Directions & Positions,,,north,,北,,きた,きた
Places & Transportation,Common locations and transportation terms.,0 - Vocab,train station,,駅,,えき,えき
Places & Transportation,,,airport,,空港,,くうこう,くうこう
Places & Transportation,,,hospital,,病院,,びょういん,びょういん
Places & Transportation,,,bank,,銀行,,ぎんこう,ぎんこう
Places & Transportation,,,post office,,郵便局,,ゆうびんきょく,ゆうびんきょく
Places & Transportation,,,park,,公園,,こうえん,こうえん
Places & Transportation,,,shop; store,,店,,みせ,みせ
Places & Transportation,,,coffee shop; café,,喫茶店,,きっさてん,きっさてん
Places & Transportation,,,restaurant,,レストラン,,,
Places & Transportation,,,department store,,デパート,,,
Places & Transportation,,,movie theater,,映画館,,えいがかん,えいがかん
Places & Transportation,,,town; city,,町,,まち,まち
Places & Transportation,,,car; automobile,,車,,くるま,くるま
Places & Transportation,,,bicycle,,自転車,,じてんしゃ,じてんしゃ
Places & Transportation,,,train (electric),,電車,,でんしゃ,でんしゃ
Places & Transportation,,,bus,,バス,,,
Places & Transportation,,,bus stop,,バス停,,バスてい,バスてい
Places & Transportation,,,taxi,,タクシー,,,
Places & Transportation,,,airplane,,飛行機,,ひこうき,ひこうき
Places & Transportation,,,boat; ship,,船,,ふね,ふね
Places & Transportation,,,road; way,,道,,みち,みち
Places & Transportation,,,police box,,交番,,こうばん,こうばん
Places & Transportation,,,hotel,,ホテル,,,
Food & Drink,"Common words for food, drinks, and meals.",0 - Vocab,cooked rice / meal,,ご飯,,ごはん,ごはん
Food & Drink,,,bread,,パン,,,
Food & Drink,,,meat,,肉,,にく,にく
Food & Drink,,,fish,,魚,,さかな,さかな
Food & Drink,,,vegetable,,野菜,,やさい,やさい
Food & Drink,,,fruit,,果物,,くだもの,くだもの
Food & Drink,,,egg,,卵,,たまご,たまご
Food & Drink,,,sugar,,砂糖,,さとう,さとう
Food & Drink,,,salt,,塩,,しお,しお
Food & Drink,,,soy sauce,,醤油,,しょうゆ,しょうゆ
Food & Drink,,,water,,水,,みず,みず
Food & Drink,,,tea,,お茶,,おちゃ,おちゃ
Food & Drink,,,coffee,,コーヒー,,,
Food & Drink,,,milk,,牛乳,,ぎゅうにゅう,ぎゅうにゅう
Food & Drink,,,juice,,ジュース,,,
Food & Drink,,,alcohol; sake,,お酒,,おさけ,おさけ
Food & Drink,,,breakfast,,朝ご飯,,あさごはん,あさごはん
Food & Drink,,,lunch,,昼ご飯,,ひるごはん,ひるごはん
Food & Drink,,,dinner,,晩ご飯,,ばんごはん,ばんごはん
Basic Verbs,"The most fundamental verbs for beginners, presented in dictionary form.",0 - Vocab,to do,,する,Irregular verb; fundamental auxiliary,する,する
Basic Verbs,,,to go,,行く,,いく,いく
Basic Verbs,,,to come,,来る,Irregular verb,くる,くる
Basic Verbs,,,to return (home),,帰る,,かえる,かえる
Basic Verbs,,,to see; to watch,,見る,,みる,みる
Basic Verbs,,,to listen; to hear,,聞く,,きく,きく
Basic Verbs,,,to speak; to talk,,話す,,はなす,はなす
Basic Verbs,,,to say,,言う,,いう,いう
Basic Verbs,,,to eat,,食べる,,たべる,たべる
Basic Verbs,,,to drink,,飲む,,のむ,のむ
Basic Verbs,,,to buy,,買う,,かう,かう
Basic Verbs,,,to sell,,売る,,うる,うる
Basic Verbs,,,to write,,書く,,かく,かく
Basic Verbs,,,to read,,読む,,よむ,よむ
Basic Verbs,,,to meet,,会う,,あう,あう
Basic Verbs,,,to play; to hang out,,遊ぶ,,あそぶ,あそぶ
Basic Verbs,,,to make; to create,,作る,,つくる,つくる
Basic Verbs,,,to use,,使う,,つかう,つかう
Basic Verbs,,,to work,,働く,,はたらく,はたらく
Basic Verbs,,,to rest; to take a break,,休む,,やすむ,やすむ
Basic Verbs,,,to get up; to wake up,,起きる,,おきる,おきる
Basic Verbs,,,to sleep; to go to bed,,寝る,,ねる,ねる
Basic Verbs,,,to stand up,,立つ,,たつ,たつ
Basic Verbs,,,to sit down,,座る,,すわる,すわる
Basic Verbs,,,to run,,走る,,はしる,はしる
Basic Verbs,,,to swim,,泳ぐ,,およぐ,およぐ
Basic Verbs,,,to open (something),,開ける,Transitive,あける,あける
Basic Verbs,,,to close (something),,閉める,Transitive,しめる,しめる
Basic Verbs,,,to enter; to go into,,入る,,はいる,はいる
Basic Verbs,,,to leave; to exit,,出る,,でる,でる
Basic Verbs,,,to understand,,分かる,,わかる,わかる
Basic Verbs,,,to give,,あげる,Used when giving to equals or juniors,あげる,あげる
Basic Verbs,,,to receive,,もらう,,もらう,もらう
Basic Verbs,,,to wait,,待つ,,まつ,まつ
Basic Verbs,,,to take (a photo),,撮る,,とる,とる
Basic Verbs,,,to forget,,忘れる,,わすれる,わすれる
Basic Verbs,,,to know,,知る,State; often used as 知っている,しる,しる
Basic Verbs,,,to walk,,歩く,,あるく,あるく
Basic Verbs,,,to teach/to tell,,教える,,おしえる,おしえる
Basic Verbs,,,to learn/memorize,,覚える,,おぼえる,おぼえる
Basic Verbs,,,to learn (from someone),,習う,,ならう,ならう
Basic Verbs,,,to wash,,洗う,,あらう,あらう
Basic Verbs,,,to cut,,切る,,きる,きる
Basic Verbs,,,to put/place,,置く,,おく,おく
Basic Verbs,,,to start/begin (transitive),,始める,Transitive,はじめる,はじめる
Basic Verbs,,,to finish/end (intransitive),,終わる,Intransitive,おわる,おわる
Basic Verbs,,,to put in/insert,,入れる,Transitive,いれる,いれる
Basic Verbs,,,to take out,,出す,Transitive,だす,だす
Basic Verbs,,,to hold/carry,,持つ,,もつ,もつ
Basic Verbs,,,to get on/ride,,乗る,,のる,のる
Basic Verbs,,,to get off,,降りる,,おりる,おりる
Basic Verbs,,,to open (intransitive),,開く,Intransitive,あく,あく
Basic Verbs,,,to close (intransitive),,閉まる,Intransitive,しまる,しまる
Basic Verbs,,,to live/reside,,住む,,すむ,すむ
Basic Adjectives & Colors,Common adjectives and color words.,0 - Vocab,big; large,,大きい,,,
Basic Adjectives & Colors,,,small; little,,小さい,,,
Basic Adjectives & Colors,,,long,,長い,,,
Basic Adjectives & Colors,,,short (length),,短い,,,
Basic Adjectives & Colors,,,tall; high; expensive,,高い,,,
Basic Adjectives & Colors,,,low; short (height),,低い,,,
Basic Adjectives & Colors,,,new,,新しい,,,
Basic Adjectives & Colors,,,old (not for people),,古い,,,
Basic Adjectives & Colors,,,good,,いい / よい,,,
Basic Adjectives & Colors,,,bad,,悪い,,,
Basic Adjectives & Colors,,,interesting; amusing,,面白い,,,
Basic Adjectives & Colors,,,fun; enjoyable,,楽しい,,,
Basic Adjectives & Colors,,,busy,,忙しい,,,
Basic Adjectives & Colors,,,pretty; clean,,きれい,,,
Basic Adjectives & Colors,,,healthy; energetic; fine,,元気,,,
Basic Adjectives & Colors,,,quiet,,静か,,,
Basic Adjectives & Colors,,,famous,,有名,,,
Basic Adjectives & Colors,,,convenient,,便利,,,
Basic Adjectives & Colors,,,easy; simple,,簡単,,,
Basic Adjectives & Colors,,,difficult; hard,,難しい,,,
Basic Adjectives & Colors,,,hot (weather),,暑い,,,
Basic Adjectives & Colors,,,cold (weather),,寒い,,,
Basic Adjectives & Colors,,,hot (to the touch),,熱い,,,
Basic Adjectives & Colors,,,cold (to the touch),,冷たい,,,
Basic Adjectives & Colors,,,warm,,暖かい,,,
Basic Adjectives & Colors,,,cool (weather),,涼しい,,,
Basic Adjectives & Colors,,,red,,赤い,,,
Basic Adjectives & Colors,,,blue,,青い,,,
Basic Adjectives & Colors,,,white,,白い,,,
Basic Adjectives & Colors,,,black,,黒い,,,
Basic Adjectives & Colors,,,yellow,,黄色い,,,
Basic Adjectives & Colors,,,green,,緑,,,
Basic Adjectives & Colors,,,early/fast,,早い,,,
Basic Adjectives & Colors,,,late/slow,,遅い,,,
Basic Adjectives & Colors,,,wide/spacious,,広い,,,
Basic Adjectives & Colors,,,narrow,,狭い,,,
Basic Adjectives & Colors,,,quiet/bustling (lively),,賑やか,,,
Basic Adjectives & Colors,,,brown,,茶色,,,
Basic Adjectives & Colors,,,purple,,紫,,,
Basic Adjectives & Colors,,,pink,,ピンク,,,
Basic Adjectives & Colors,,,orange,,オレンジ,,,
Basic Adjectives & Colors,,,gray/color,,,,,
Grammar & Particles,The building blocks of Japanese sentences. These particles mark the function of words.,1 - Grammar,topic marker,,は,,,
Grammar & Particles,,,subject marker,,が,,,
Grammar & Particles,,,object marker,,を,,,
Grammar & Particles,,,"target marker (to, at, in)",,に,,,
Grammar & Particles,,,direction marker (towards),,へ,,,
Grammar & Particles,,,"context marker (by, with, at, in)",,で,,,
Grammar & Particles,,,possessive marker ('s),,の,,,
Grammar & Particles,,,"inclusion marker (also, too)",,も,,,
Grammar & Particles,,,"connective marker (and, with)",,と,,,
Grammar & Particles,,,question marker,,か,,,
Grammar & Particles,,,be-verb / copula,,です,,,
Grammar & Particles,,,polite verb ending,,ます,,,
Kanji Basics,Introduces fundamental N5 kanji with their meanings and common readings.,3 - Script,Sun; Day; Japan,,日,,,
Kanji Basics,,,Moon; Month,,月,,,
Kanji Basics,,,Fire,,火,,,
Kanji Basics,,,Tree; Wood,,木,,,
Kanji Basics,,,Gold; Money,,金,,,
Kanji Basics,,,Earth; Soil,,土,,,
Kanji Basics,,,Person,,,,,
Kanji Basics,,,Big; Large,,大,,,
Kanji Basics,,,Small; Little,,小,,,
Kanji Basics,,,Book; Origin,,本,,,
Kanji Basics,,,Study; Learning,,学,,,
Kanji Basics,,,Language; Word,,語,,,
Kanji Basics,,,What,,何,,,
Kanji Basics,,,Above; Up,,上,,,
Kanji Basics,,,Below; Down,,下,,,
Kanji Basics,,,Inside; Middle,,中,,,
Kanji Basics,,,Before; Ahead,,先,,,
Kanji Basics,,,Life; Birth,,生,,,
Kanji Basics,,,School,,,,,
Kanji Basics,,,Circle; Yen,,円,,,
Kanji Basics,,,One,,一,,,
Kanji Basics,,,Two,,二,,,
Kanji Basics,,,Three,,三,,,
Kanji Basics,,,Four,,四,,,
Kanji Basics,,,Five,,五,,,
Kanji Basics,,,Six,,六,,,
Kanji Basics,,,Seven,,七,,,
Kanji Basics,,,Eight,,八,,,
Kanji Basics,,,Nine,,九,,,
Kanji Basics,,,Ten,,十,,,
Kanji Basics,,,Hundred,,百,,,
Kanji Basics,,,Thousand,,千,,,
Kanji Basics,,,Ten thousand,,万,,,
Kanji Basics,,,Country,,国,,,
Kanji Basics,,,Year,,年,,,
Kanji Basics,,,Long,,長,,,
Kanji Basics,,,Exit/Leave,,出,,,
Kanji Basics,,,Time/Hour,,時,,,
Kanji Basics,,,Go/Proceed,,行,,,
Kanji Basics,,,See/Look,,見,,,
Kanji Basics,,,After/Behind,,後,,,
Kanji Basics,,,Before/Front,,前,,,
Kanji Basics,,,Interval/Between,,間,,,
Kanji Basics,,,East,,東,,,
Kanji Basics,,,Now,,今,,,
Kanji Basics,,,High/Tall,,高,,,
Kanji Basics,,,Child,,子,,,
Kanji Basics,,,Outside,,外,,,
Kanji Basics,,,Come,,来,,,
Kanji Basics,,,Spirit/Air,,気,,,
Kanji Basics,,,Woman,,女,,,
Kanji Basics,,,North,,北,,,
Kanji Basics,,,Noon,,午,,,
Kanji Basics,,,Write,,書,,,
Kanji Basics,,,Name,,名,,,
Kanji Basics,,,River,,川,,,
Kanji Basics,,,Water,,水,,,
Kanji Basics,,,Half,,半,,,
Kanji Basics,,,Man/Male,,男,,,
Kanji Basics,,,West,,西,,,
Kanji Basics,,,Electricity,,電,,,
Kanji Basics,,,Talk/Speak,,話,,,
Kanji Basics,,,Language,,語,,,
Kanji Basics,,,Read,,読,,,
Kanji Basics,,,Rest,,休,,,
Kanji Basics,,,Father,,父,,,
Kanji Basics,,,Mother,,母,,,
Kanji Basics,,,Rain,,雨,,,
Kanji Basics,,,Iteration mark (repeater),,々,,,
Kanji Basics,,,Right,,右,,,
Kanji Basics,,,Left,,左,,,
Kanji Basics,,,Minute/Part,,分,,,
Kanji Basics,,,Week,,週,,,
Kanji Basics,,,Every,,毎,,,
Kanji Basics,,,Day of week,,曜,,,
Basic Grammar Patterns,Essential N5 grammar constructions with examples.,1 - Grammar,Verb polite present (〜ます),,〜ます,,,
Basic Grammar Patterns,,,Verb polite negative (〜ません),,〜ません,,,
Basic Grammar Patterns,,,Verb polite past (〜ました),,〜ました,,,
Basic Grammar Patterns,,,Verb polite past negative (〜ませんでした),,〜ませんでした,,,
Basic Grammar Patterns,,,Noun + です (affirmative),,です,,,
Basic Grammar Patterns,,,Noun + ではありません (negative),,ではありません,,,
Basic Grammar Patterns,,,い-adjective present,,—,,,
Basic Grammar Patterns,,,い-adjective negative,,—,,,
Basic Grammar Patterns,,,い-adjective past,,—,,,
Basic Grammar Patterns,,,い-adjective past negative,,—,,,
Basic Grammar Patterns,,,な-adjective present,,—,,,
Basic Grammar Patterns,,,な-adjective negative,,—,,,
Basic Grammar Patterns,,,な-adjective past,,—,,,
Basic Grammar Patterns,,,な-adjective past negative,,—,,,
Basic Grammar Patterns,,,Desire (〜たいです),,〜たいです,,,
Basic Grammar Patterns,,,Like (〜が好きです),,〜が好きです,,,
Basic Grammar Patterns,,,Request (〜てください),,〜てください,,,
Basic Grammar Patterns,,,Permission (〜てもいいですか),,〜てもいいですか,,,
Basic Grammar Patterns,,,Progressive (〜ています),,〜ています,,,
Basic Grammar Patterns,,,Sequence (〜て、〜),,—,,,
Basic Grammar Patterns,,,Purpose (〜に行きます),,—,,,
Basic Grammar Patterns,,,Approximation (〜くらい/ぐらい),,—,,,
Basic Grammar Patterns,,,From/Until (〜から/〜まで),,—,,,
Basic Grammar Patterns,,,Existence (inanimate あります),,あります,,,
Basic Grammar Patterns,,,Existence (animate います),,います,,,
Basic Grammar Patterns,,,Ability (できます),,できます,,,
Basic Grammar Patterns,,,Let's (〜ましょう),,〜ましょう,,,
Basic Grammar Patterns,,,Invitation (〜ませんか),,〜ませんか,,,
Basic Grammar Patterns,,,Reason (〜から),,〜から,,,
Basic Grammar Patterns,,,Sentence ending (〜ね),,〜ね,,,
Basic Grammar Patterns,,,Sentence ending (〜よ),,〜よ,,,
Body & Health,Body parts and basic health-related terms.,0 - Vocab,body,,体,,,
Body & Health,,,head,,頭,,,
Body & Health,,,eye,,目,,,
Body & Health,,,ear,,耳,,,
Body & Health,,,mouth,,口,,,
Body & Health,,,hand,,手,,,
Body & Health,,,foot; leg,,足,,,
Body & Health,,,stomach; belly,,お腹,,,
Body & Health,,,tooth,,歯,,,
Body & Health,,,illness; sickness,,病気,,,
Body & Health,,,medicine,,薬,,,
Body & Health,,,painful; hurts,,痛い,,,
Clothing & Personal Items,Basic clothing items and personal belongings.,0 - Vocab,clothes,,服,,,
Clothing & Personal Items,,,shirt,,シャツ,,,
Clothing & Personal Items,,,pants; trousers,,ズボン,,,
Clothing & Personal Items,,,skirt,,スカート,,,
Clothing & Personal Items,,,shoes,,靴,,,
Clothing & Personal Items,,,socks,,靴下,,,
Clothing & Personal Items,,,hat; cap,,帽子,,,
Clothing & Personal Items,,,coat,,コート,,,
Clothing & Personal Items,,,glasses,,眼鏡,,,
Clothing & Personal Items,,,bag; briefcase,,鞄,,,
Clothing & Personal Items,,,umbrella,,傘,,,
Clothing & Personal Items,,,key,,鍵,,,
Clothing & Personal Items,,,wallet,,財布,,,
Home & Household,Household items and rooms in a home.,0 - Vocab,house; home,,家,,,
Home & Household,,,room,,部屋,,,
Home & Household,,,kitchen,,台所,,,
Home & Household,,,restroom; toilet (polite),,お手洗い,,,
Home & Household,,,bath; bathtub,,風呂,,,
Home & Household,,,stairs,,階段,,,
Home & Household,,,ceiling,,天井,,,
Home & Household,,,floor,,床,,,
Home & Household,,,wall,,壁,,,
Home & Household,,,garden; yard,,庭,,,
Home & Household,,,television,,テレビ,,,
Home & Household,,,radio,,ラジオ,,,
Home & Household,,,electricity; (electric) light,,電気,,,
Home & Household,,,refrigerator,,冷蔵庫,,,
Home & Household,,,dishes; tableware,,食器,,,
Home & Household,,,plate; dish,,皿,,,
Home & Household,,,chopsticks,,箸,,,
Home & Household,,,spoon,,スプーン,,,
Home & Household,,,fork,,フォーク,,,
Home & Household,,,knife,,ナイフ,,,
Home & Household,,,pot; pan,,鍋,,,
Home & Household,,,mirror,,鏡,,,
Home & Household,,,towel,,タオル,,,
School & Office,Words related to school, work, and places in those settings.,,school,,,
School & Office,,,classroom,,教室,,,
School & Office,,,blackboard,,黒板,,,
School & Office,,,pupil; student (K-12),,生徒,,,
School & Office,,,class; lesson,,授業,,,
School & Office,,,exam; test,,試験,,,
School & Office,,,homework,,宿題,,,
School & Office,,,library,,図書館,,,
School & Office,,,cafeteria; dining hall,,食堂,,,
School & Office,,,company; firm,,会社,,,
School & Office,,,company employee,,社員,,,
School & Office,,,meeting; conference,,会議,,,
School & Office,,,job; work,,仕事,,,
Question Words,Core interrogatives for basic questions.,0 - Vocab,what,,何,,,
Question Words,,,who,,誰,,,
Question Words,,,when,,いつ,,,
Question Words,,,why,,どうして,,,
Question Words,,,how many,,いくつ,,,
Question Words,,,how much,,いくら,,,
Question Words,,,which kind,,どんな,,,
Question Words,,,how much/how long (approx),,どのくらい/どれくらい,,,
Counters,Common counters used at N5 level.,0 - Vocab,general counter (1–10),,〜つ,Native 1–10 counter,,
Counters,,,long thin objects,,〜本,For bottles/pens etc.,,
Counters,,,flat objects,,〜枚,For paper/plates etc.,,
Counters,,,small animals,,〜匹,For cats/dogs/fish etc.,,
Counters,,,machines/vehicles,,〜台,For cars/machines,,
Counters,,,occurrences/times,,〜回,Number of times,,
Counters,,,books/volumes,,〜冊,For books/notebooks,,
Counters,,,age (years old),,〜歳,Age in years,,
Counters,,,floors (storeys),,〜階,Floor number,,
Counters,,,months (duration),,〜か月,Number of months,,
Counters,,,hours (duration),,〜時間,Number of hours,,
Counters,,,days (duration/date),,〜日,Day(s) or day of month,,
Counters,,,weeks (duration),,〜週間,Number of weeks,,
Counters,,,small items (generic),,〜個,Generic small item counter,,
Counters,,,yen (price),,〜円,Price counter,,
Animals,Common animals and related words.,0 - Vocab,dog,,犬,,,
Animals,,,cat,,猫,,,
Animals,,,bird,,鳥,,,
Animals,,,rabbit,,うさぎ,,,
Animals,,,cow,,牛,,,
Animals,,,horse,,馬,,,
Animals,,,pig,,豚,,,
Animals,,,chicken,,鶏,,,
Animals,,,insect/bug,,虫,,,
Animals,,,animal,,動物,,,
Weather & Nature,Weather and basic nature vocabulary.,0 - Vocab,weather,,天気,,,
Weather & Nature,,,sunny/clear,,晴れ,,,
Weather & Nature,,,cloudy,,曇り,,,
Weather & Nature,,,rain,,雨,,,
Weather & Nature,,,snow,,雪,,,
Weather & Nature,,,wind,,風,,,
Weather & Nature,,,sky,,空,,,
Weather & Nature,,,mountain,,山,,,
Weather & Nature,,,river,,川,,,
Weather & Nature,,,sea/ocean,,海,,,
Weather & Nature,,,forest,,森,,,
Weather & Nature,,,flower,,花,,,
Adverbs & Frequency,Common adverbs of degree and frequency.,0 - Vocab,always,,いつも,,,
Adverbs & Frequency,,,often,,よく,,,
Adverbs & Frequency,,,usually,,たいてい,,,
Adverbs & Frequency,,,sometimes,,時々,,,
Adverbs & Frequency,,,occasionally,,たまに,,,
Adverbs & Frequency,,,a little/a bit,,少し,,,
Adverbs & Frequency,,,a lot/many,,たくさん,,,
Adverbs & Frequency,,,very,,とても,,,
Adverbs & Frequency,,,really/very,,すごく,,,
Adverbs & Frequency,,,already,,もう,,,
Adverbs & Frequency,,,not yet,,まだ,,,
Adverbs & Frequency,,,not much (with negative),,あまり,,,
Adverbs & Frequency,,,not at all (with negative),,全然,,,
Hobbies & Leisure,Everyday hobbies and leisure activities.,0 - Vocab,movie,,映画,,,
Hobbies & Leisure,,,music,,音楽,,,
Hobbies & Leisure,,,reading,,読書,,,
Hobbies & Leisure,,,travel,,旅行,,,
Hobbies & Leisure,,,sports,,スポーツ,,,
Hobbies & Leisure,,,walk/stroll,,散歩,,,
Hobbies & Leisure,,,cooking,,料理,,,
Hobbies & Leisure,,,photography/photo,,写真,,,
Hobbies & Leisure,,,video game(s),,ゲーム,,,
Hobbies & Leisure,,,karaoke,,カラオケ,,,
Hobbies & Leisure,,,shopping,,買い物,,,
Shopping & Money,Core shopping and payment vocabulary.,0 - Vocab,price,,値段,,,
Shopping & Money,,,cash register,,レジ,,,
Shopping & Money,,,change (money),,お釣り,,,
Shopping & Money,,,receipt,,レシート,,,
Shopping & Money,,,cash,,現金,,,
Shopping & Money,,,credit card,,クレジットカード,,,
Shopping & Money,,,fitting/try-on,,試着,,,
Shopping & Money,,,size,,サイズ,,,
Shopping & Money,,,sales floor/section,,売り場,,,
Shopping & Money,,,sale (discount event),,セール,,,
Shopping & Money,,,discount,,割引,,,